Workbook

Sheet لیست اعضا
A1: ردیف | B1: نام و نام خانوادگی | C1: میزان سهم
A2: 1 | B2: فاطمه یزدی | C2: 0.5
A3: 2 | B3: ابوالفضل بلندیان | C3: 0.5
A4: 3 | B4: محسن پویا | C4: 1
A5: 4 | B5: هاشم حاجی قاسمی | C5: 0.5
A6: 5 | B6: نرگس حاجی قاسمی | C6: 0.5
A7: 7 | B7: یوسف حاجی قاسمی | C7: 0.25
A8: 8 | B8: اعظم خوانین زاده | C8: 0.25
A9: 25 | B9: هاشم حاجی قاسمی | C9: 0.25
A10: 26 | B10: ابوالفضل بلندیان | C10: 0.25
A11: 9 | B11: هادی مرادی | C11: 1
A12: 10 | B12: مرتضی دزفولیان | C12: 1
A13: 11 | B13: امید علی حیدری | C13: 1
... A39: 39 | B39: ابراهیم شمس | C39: 1
B40: جمع | C40: =SUM(C2:C39) -> 30

Sheet یزدی-بلندیان
B1: ='لیست اعضا'!$B$2 -> فاطمه یزدی
B2: کد شعبه | C2: شعبه | D2: تاریخ | E2: ساعت | F2: سند | G2: شماره قبض | H2: توضیحات | I2: واریز | J2: یادداشت | K2: تراکنش 246 | L2: بانک/حساب
A3: 1 | D3: ۱۴۰۳/۰۸/۱۳ | E3: ۱۴:۰۹ | F3: 10181884 | H3: بابت واریز پایا۱۴۰۳۰۸۱۳۰۷۰۲۲۸۴۴۳۹از مجیدرضا اله وردی از حسابIR۱۶۰۷۰۰۰۰۱۰۰۰۱۱۲۷۶۰۶۵۵۰۰۱ | I3: 500000000 | J3: مجیدرضا اله وردی | K3: واریز زمین | L3: سامان/نیل قاز
A4: 2 | D4: ۱۴۰۳/۰۸/۱۵ | E4: 0.18611111 | F4: 10283243 | H4: بابت واریز پایا۱۴۰۳۰۸۱۴۰۶۲۲۷۹۰۳۴۱از مجیدرضا اله وردی از حسابIR۸۵۰۶۲۰۰۰۰۰۰۰۳۰۱۵۴۳۷۵۹۰۰۶ | I4: 1000000000 | J4: مجیدرضا اله وردی | K4: واریز زمین | L4: سامان/نیل قاز
A5: 3 | D5: ۱۴۰۳/۰۸/۱۵ | E5: 0.8 | F5: 10333257 | H5: بابت واریز پایا۱۴۰۳۰۸۱۵۰۶۲۲۸۳۱۰۳۹از مجیدرضا اله وردی از حسابIR۸۵۰۶۲۰۰۰۰۰۰۰۳۰۱۵۴۳۷۵۹۰۰۶ | I5: 1000000000 | J5: مجیدرضا اله وردی | K5: واریز زمین | L5: سامان/نیل قاز
A6: 4 | D6: ۱۴۰۳/۰۸/۱۹ | E6: 0.59027778 | F6: 10558123 | H6: بابت واریز پایا۱۴۰۳۰۸۱۹۰۶۲۲۰۵۴۸۱۳از مجیدرضا اله وردی از حسابIR۸۵۰۶۲۰۰۰۰۰۰۰۳۰۱۵۴۳۷۵۹۰۰۶ | I6: 250000000 | J6: مجیدرضا اله وردی | K6: واریز زمین | L6: سامان/نیل قاز
A7: 5 | B7: 1 | C7: ستاد | D7: 1403/09/13 | E7: 11:53:06 | F7: 8641792207 | H7: سند واریز پایا - داخلی با شماره پیگیری 140309130702985724 شبای مقصد IR840700001000119411652001 شناسه واریز و شرح ارسال پایا از طریق بانکداری دیجیتال شرح مبدا: شرح مقصد:امور درمانی_سند واریز پایا - داخلی با شماره پیگیری 140309130702985724 | I7: 650000000 | J7: فاطمه یزدی | K7: واریز زمین | L7: رسالت/کریمپور
A8: 6 | B8: 1 | C8: ستاد | D8: 1403/09/16 | E8: 14:45:32 | F8: 8678044327 | H8: واریز پایا IRR,0055598129_واریز پایا بابت شماره پیگیری 140309150622218221 از بانک آينده شعبه 6202000 توسط مجیدرضا اله وردی | I8: 600000000 | J8: فاطمه یزدی | K8: واریز زمین | L8: رسالت/کریمپور
A9: 7 | B9: 1 | C9: ستاد | D9: 1403/10/15 | E9: 10:43:48 | F9: 8929348197 | H9: سند واریز پایا - داخلی با شماره پیگیری 140310150702595216 شبای مقصد IR840700001000119411652001 شناسه واریز و شرح ارسال پایا از طریق بانکداری دیجیتال شرح مبدا: شرح مقصد:امور درمانی_سند واریز پایا - داخلی با شماره پیگیری 140310150702595216 | I9: 375000000 | J9: فاطمه یزدی | K9: جواز1 | L9: رسالت/کریمپور
A10: 8 | B10: 996 | C10: بانکداری مدرن | D10: 1403/11/14 | E10: 09:20:30 | F10: 9186360722 | H10: سند واریز پایا - داخلی با شماره پیگیری 140311140702760716 شبای مقصد IR840700001000119411652001 شناسه واریز و شرح ارسال پایا از طریق بانکداری دیجیتال شرح مبدا: شرح مقصد:امور درمانی_سند واریز پایا - داخلی با شماره پیگیری 140311140702760716 | I10: 375000000 | J10: فاطمه یزدی | K10: جواز2 | L10: رسالت/کریمپور
A11: 9 | B11: 996 | C11: بانکداری مدرن | D11: 1403/12/13 | E11: 19:36:36 | F11: 9452834231 | H11: سند واریز پایا - داخلی با شماره پیگیری 140312130702230280 شبای مقصد IR840700001000119411652001 شناسه واریز و شرح ارسال پایا از طریق بانکداری دیجیتال شرح مبدا: شرح مقصد:امور بازنشستگی_سند واریز پایا - داخلی با شماره پیگیری 140312130702230280 | I11: 375000000 | J11: فاطمه یزدی | K11: جواز3 | L11: رسالت/کریمپور
A12: 10 | B12: 996 | C12: بانکداری مدرن | D12: 1404/01/13 | E12: 08:52:18 | F12: 9744473385 | H12: سند واریز پایا - داخلی با شماره پیگیری 140401130702754579 شبای مقصد IR840700001000119411652001 شناسه واریز و شرح ارسال پایا از طریق بانکداری دیجیتال شرح مبدا: شرح مقصد:امور سرمایه گذاری و بورس_سند واریز پایا - داخلی با شماره پیگیری 140401130702754579 | I12: 355000000 | J12: فاطمه یزدی | K12: جواز4 | L12: رسالت/کریمپور
A13: 11 | B13: 995 | C13: کارت | D13: 1404/01/13 | E13: 08:55:20 | F13: 9741450683 | G13: I13544085773 | H13: انتقال از کارت 6037991325613770 به کارت 5041721001816942 متعلق به فاطمه سادات ميركريم پور از اينترنت 17592030 - پذيرنده ص خشمان - بانک ملی - شماره مرجع 147681407710 شماره پيگيري 160282_سند تراکنش کارت | I13: 20000000 | J13: فاطمه یزدی | K13: جواز4 | L13: رسالت/کریمپور
A14: 12 | B14: 996 | C14: بانکداری مدرن | D14: 1404/02/14 | E14: 06:02:38 | F14: 10043625126 | H14: سند واریز پایا - داخلی با شماره پیگیری 140402140702257455 شبای مقصد IR840700001000119411652001 شناسه واریز و شرح ارسال پایا از طریق بانکداری دیجیتال شرح مبدا: شرح مقصد:تسهیلات و تعهدات_سند واریز پایا - داخلی با شماره پیگیری 140402140702257455 | I14: 375000000 | J14: فاطمه یزدی | K14: جوا5 | L14: رسالت/کریمپور
I15: =SUM(I3:I14) -> 5875000000
B31: ='ابوالفضل بلندیان'!$B$1 -> ابوالفضل بلندیان
B32: کد شعبه | C32: شعبه | D32: تاریخ | E32: ساعت | F32: سند | G32: شماره قبض | H32: توضیحات | I32: واریز | J32: یادداشت | K32: تراکنش 246 | L32: بانک/حساب
A33: 1 | C33: واریز ساتنا ۰۳۰۸۲۴۰۵۴۱۰۰۰۳۹۴ازطرف بلندیان کاشیاز شباIR۶۴۰۵۴۰۱۰۸۶۸۰۰۰۰۳۲۱۳۲۹۰۰۳ش م۰ | D33: ۱۴۰۳/۰۸/۲۴ | E33: 0.35277778 | H33: مديريت حسابداري و خزانه داري-۴۷۵ | I33: 1500000000 | J33: ابوالفضل بلندیان | K33: قسط زمین | L33: سامان/نیل قاز
A34: 2 | C34: ستاد | D34: 1404/02/30 | E34: 13:37:46 | F34: 10186979074 | G34: 0402300661600724*140402300661600724 | H34: واریز از طریق ساتنا بابت پیام دریافتی از بانک دي به شماره پیگیری 0402300661600724 به درخواست بهنام عارف طاهر به شناسه پرداخت 000000000000000- انتقالی_واریز از طریق ساتنا بابت پیام دریافتی | I34: 375000000 | J34: ابوالفضل بلندیان | K34: قسط زمین | L34: رسالت/کریم پور
A35: 3 | H35: بابت 3 درصد زمین 352500000هیات امنا بابت 15 درصد خرید آهن 204000000 بابت 15 درصد کمیسیون حیدری 75000000 جمعا 591500000 500 میلیون بابت مبلغ زمین حمیده احمدی حساب شد 91500000 تومان بابت زمین مشترک با فاطمه یزدی | I35: 915000000 | J35: ابوالفضل بلندیان | K35: قسط زمین | L35: هیات امنا
A36: 4 | B36: 996 | C36: بانکداری مجازی | D36: 1404/02/27 | E36: 12:02:09 | F36: 10156621203 | G36: 1 | H36: انتقال وجه از سپرده 10.5994211.1 - قسط زمین بلندیان برای 246 توسط ابوالفضل بلنديان كاشي_سامانه اینترنت بانک | I36: 1200000000 | J36: ابوالفضل بلندیان | K36: قسط زمین | L36: رسالت/همایون
A37: 57 | B37: 1 | C37: ستاد | D37: 1403/10/11 | E37: 19:05 | F37: ‎1-1403-10-IRR-8892308386 | H37: واریز پایا IRR,0054569109_واریز پایا بابت شماره پیگیری 14031011054200065634 از بانک پارسيان شعبه 5499999 توسط بلندیان کاشی ابوالفضل | I37: 375000000 | J37: ابوالفضل بلندیان بابت قسط مشترک یزدی | K37: واریز جواز یک | L37: رسالت/ همایون
A38: 91 | B38: 1 | C38: ستاد | D38: 1403/11/14 | E38: 14:04:52 | F38: 9189948576 | H38: واریز پایا IRR,0054569109_واریز پایا بابت شماره پیگیری 14031114054200048871 از بانک پارسيان شعبه 5499999 توسط بلندیان کاشی ابوالفضل | I38: 375000000 | J38: ابوالفضل بلندیان بابت قسط مشترک یزدی | K38: واریز جواز دو | L38: رسالت/ همایون
A39: 167 | B39: 996 | C39: بانکداری مدرن | D39: 1403/12/14 | E39: 11:53:30 | F39: 9460493323 | G39: 1 | H39: انتقال وجه از سپرده 10.9425002.1 - هیات امنا حق الزحمه ابوالفضل بلندیان توسط همايون بلنديان کاشي_سامانه اینترنت بانک | I39: 375000000 | J39: ابوالفضل بلندیان | K39: قسط جواز3 | L39: رسالت/همایون
A40: 136 | B40: 995 | C40: کارت | D40: 1404/01/15 | E40: 14:39:34 | F40: 9759907199 | H40: واریز پایا IRR,0054569109_واریز پایا بابت شماره پیگیری 14040114054200032460 از بانک پارسيان شعبه 5499999 توسط بلندیان کاشی ابوالفضل | I40: 375000000 | J40: ابوالفضل بلندیان بابت قسط مشترک یزدی | K40: واریز جواز چهار | L40: رسالت/ همایون
A41: 165 | B41: 995 | C41: کارت | D41: 1404/02/14 | E41: 11:06:18 | F41: 10038447826 | H41: واریز پایا IRR,0054569109_واریز پایا بابت شماره پیگیری 140402140172438053 از بانک ملي شعبه 1700251 توسط ابوالفضل بلندیان کاشی | I41: 375000000 | J41: ابوالفضل بلندیان کاش | K41: قسط جواز 5 | L41: رسالت/ همایون
A47: 125 | B47: 996 | C47: بانکداری مدرن | D47: 1403/11/14 | E47: 09:42:38 | F47: 9183440045 | G47: 1 | H47: انتقال وجه از سپرده 10.9425002.1 - هیات امنا 246بلندیان توسط همايون بلنديان کاشي_سامانه اینترنت بانک | I47: 0 | J47: 750000000 | K47: 2500194044 | L47: نرگس پرویززاده | M47: قسط جواز 2
A48: 127 | B48: 996 | C48: بانکداری مدرن | D48: 1403/11/14 | E48: 11:40:51 | F48: 9186715487 | G48: 1 | H48: انتقال وجه از سپرده 10.9425002.1 - هیات امنا 246 هاشم حاجی قاسمی توسط همايون بلنديان کاشي_سامانه اینترنت بانک | I48: 0 | J48: 750000000 | K48: 3750194044 | L48: حمیده احمدی | M48: قسط جواز 2
A49: 161 | B49: 996 | C49: بانکداری مدرن | D49: 1403/12/13 | E49: 09:42:26 | F49: 9451695282 | G49: 1 | H49: انتقال وجه از سپرده 10.9425002.1 - هیات امنا حق الزحمه هاشم حاجی قاسمی توسط همايون بلنديان کاشي_سامانه اینترنت بانک | I49: 0 | J49: 750000000 | K49: 1768041644 | L49: حمیده احمدی | M49: قسط جواز3
A50: 162 | B50: 996 | C50: بانکداری مدرن | D50: 1403/12/13 | E50: 10:11:16 | F50: 9448638193 | G50: 1 | H50: انتقال وجه از سپرده 10.9425002.1 - هیات امنا حق الزحمه ابوالفضل بلندیان توسط همايون بلنديان کاشي_سامانه اینترنت بانک | I50: 0 | J50: 750000000 | K50: 2518041644 | L50: نرگس پرویززاده | M50: قسط جواز3
A51: 167 | B51: 996 | C51: بانکداری مدرن | D51: 1403/12/14 | E51: 11:53:30 | F51: 9460493323 | G51: 1 | H51: انتقال وجه از سپرده 10.9425002.1 - هیات امنا حق الزحمه ابوالفضل بلندیان توسط همايون بلنديان کاشي_سامانه اینترنت بانک | I51: 0 | J51: 375000000 | K51: 4143041644 | L51: ابوالفضل بلندیان | M51: قسط جواز3
A52: 169 | B52: 996 | C52: بانکداری مدرن | D52: 1403/12/14 | E52: 18:10:57 | F52: 9461178281 | G52: 1 | H52: انتقال وجه از سپرده 10.9425002.1 - هیات امنا حق الزحمه هاشم حاجی قاسمی توسط همايون بلنديان کاشي_سامانه اینترنت بانک | I52: 0 | J52: 375000000 | K52: 5268041644 | L52: نرگس پرویززاده | M52: قسط جواز3
A53: 217 | B53: 996 | C53: بانکداری مدرن | D53: 1404/02/14 | E53: 15:24:58 | F53: 10041839340 | G53: 1 | H53: انتقال وجه از سپرده 10.9425002.1 - حق الزحمه هیات امنا 246 هاشم حاجی قاسمی توسط همايون بلنديان کاشي_سامانه اینترنت بانک | I53: 0 | J53: 750000000 | K53: 7054429882 | L53: نرگس پرویززاده | M53: قسط جواز 5
A54: 218 | B54: 996 | C54: بانکداری مدرن | D54: 1404/02/14 | E54: 17:54:43 | F54: 10045073661 | G54: 1 | H54: انتقال وجه از سپرده 10.9425002.1 - حق الزحمه هیات امنا 246 ابوالفضل بلندیان توسط همايون بلنديان کاشي_سامانه اینترنت بانک | I54: 0 | J54: 750000000 | K54: 7804429882 | L54: ابوالفضل بلندیان | M54: قسط جواز 5

Sheet ابوالفضل بلندیان
B1: ='لیست اعضا'!$B$3 -> ابوالفضل بلندیان
C2: سهم مشترک با خانم یزدی-زمین
A3: ردیف | B3: تاریخ | C3: شرح سند | D3: شماره سند | E3: شماره برگه/چک | F3: شناسه واریز | G3: شعبه | H3: واریز (ریال) | I3: برداشت (ریال) | J3: مانده (ریال) | K3: توضیحات کاربر | M3: بانک/حساب
A4: 58 | B4: ۱۴۰۳/۰۸/۲۴ | ۰۸:۲۸ | C4: واریز ساتنا ۰۳۰۸۲۴۰۵۴۱۰۰۰۳۹۴ازطرف بلندیان کاشیاز شباIR۶۴۰۵۴۰۱۰۸۶۸۰۰۰۰۳۲۱۳۲۹۰۰۳ش م۰ | D4: 10857562 | G4: مديريت حسابداري و خزانه داري-۴۷۵ | H4: 1500000000 | I4: 0 | J4: 32200098179 | K4: ابوالفضل بلندیان | L4: قسط زمین | M4: سامان/نیل قاز
C5: پرداخت به حاجی 20 تومن به اوستا مهدی و سایر | H5: 375000000 | M5: رسالت/کریمپور
C6: بابت 3 درصد زمین 352500000هیات امنا بابت 15 درصد خرید آهن 204000000 بابت 15 درصد کمیسیون حیدری 75000000 جمعا 591500000 500 میلیون بابت مبلغ زمین حمیده احمدی حساب شد 91500000 تومان بابت زمین مشترک با فاطمه یزدی | H6: 915000000 | M6: هیات امنا بلندیان
H7: 1200000000 | M7: رسالت/همایون
G8: جمع واریزی تا تاریخ 1404/02/03 | H8: =SUM(H4:H7) -> 3990000000
G9: مبلغ سه دانگ سهم | H9: 4000000000
G10: بدهی بابت زمین | H10: =H9-H8 -> 10000000
C14: سهم مشترک با حاجی و سایر
A15: ردیف | B15: تاریخ | C15: شرح سند | D15: شماره سند | E15: شماره برگه/چک | F15: شناسه واریز | G15: شعبه | H15: واریز (ریال) | I15: برداشت (ریال) | J15: مانده (ریال) | K15: توضیحات کاربر | M15: بانک/حساب
G16: واریزی | H16: 2000000000 | M16: رسالت/همایون
G17: مبلغ 1/5 دانگ سهم | H17: 2000000000
G18: بدهی بابت زمین | H18: =H17-H16 -> 0
A27: ردیف | B27: تاریخ | C27: شرح سند | D27: شماره سند | E27: شماره برگه/چک | F27: شناسه واریز | G27: شعبه | H27: واریز (ریال) | I27: برداشت (ریال) | J27: مانده (ریال) | K27: توضیحات کاربر
A28: 118 | B28: ۱۴۰۳/۱۱/۰۴ | ۰۸:۵۵ | C28: واریز ساتنا ۰۳۱۱۰۴۰۵۴۱۰۰۰۵۴۵ازطرف بلندیان کاشیاز شباIR۶۴۰۵۴۰۱۰۸۶۸۰۰۰۰۳۲۱۳۲۹۰۰۳ش م۰ | D28: ۱۰۷۷۸۵۲۵ | G28: پیش خرید | H28: 4000000000 | I28: 0 | J28: 17008483376 | K28: ابوالفضل بلندیان | L28: پیش خرید
A29: 120 | B29: ۱۴۰۳/۱۱/۰۴ | ۱۱:۱۲ | C29: بابت واریز پایا۱۴۰۳۱۱۰۴۰۵۴۲۰۰۰۱۷۹۳۳از بلندیان کاشی*ابوالفضل از حسابIR۶۴۰۵۴۰۱۰۸۶۸۰۰۰۰۳۲۱۳۲۹۰۰۳ | D29: ۱۰۷۸۶۹۴۹ | G29: مديريت حسابداري و خزانه داري-۴۷۵ | H29: 1000000000 | I29: 0 | J29: 19508483376 | K29: ابوالفضل بلندیان | L29: پیش خرید
A30: 121 | B30: ۱۴۰۳/۱۱/۰۴ | ۱۵:۵۹ | C30: ش چک /۷۰۹۶۱/۴۲۸۴۸۵ بانک عهده پارسیان ش رهگیری ۰۳۱۱۰۳۰۵۶۴۰۰۷۵۲۳ | D30: ۱۰۸۰۶۹۲۰ | E30: /۷۰۹۶۱/۴۲۸۴۸۵ | F30: ۰۳۱۱۰۳۰۵۶۴۰۰۷۵۲۳ | G30: اداره پاياپاي-۸۹۸ | H30: 10000000000 | I30: 0 | J30: 29508483376 | K30: ابوالفضل بلندیان | L30: پیش خرید
A31: 123 | B31: ۱۴۰۳/۱۱/۰۶ | ۰۷:۴۶ | C31: واریز ساتنا ۰۳۱۱۰۶۰۵۴۱۰۰۰۰۷۷ازطرف بلندیان کاشیاز شباIR۶۴۰۵۴۰۱۰۸۶۸۰۰۰۰۳۲۱۳۲۹۰۰۳ش م۰ | D31: ۱۰۸۹۵۵۹۵ | G31: مديريت حسابداري و خزانه داري-۴۷۵ | H31: 4000000000 | I31: 0 | J31: 33687483376 | K31: ابوالفضل بلندیان | L31: پیش خرید
A32: 127 | B32: ۱۴۰۳/۱۱/۰۶ | ۱۱:۱۴ | C32: بابت واریز پایا۱۴۰۳۱۱۰۶۰۵۴۲۰۰۰۲۲۵۳۲از بلندیان کاشی*ابوالفضل از حسابIR۶۴۰۵۴۰۱۰۸۶۸۰۰۰۰۳۲۱۳۲۹۰۰۳ | D32: ۱۰۹۰۹۲۳۳ | G32: مديريت حسابداري و خزانه داري-۴۷۵ | H32: 1000000000 | I32: 0 | J32: 45997483376 | K32: ابوالفضل بلندیان | L32: پیش خرید
B39: کد شعبه | C39: شعبه | D39: تاریخ | E39: ساعت | F39: سند | G39: شماره قبض | H39: شماره چک | I39: توضیحات | J39: برداشت | K39: واریز | L39: مانده | M39: یادداشت | N39: عنوان | O39: بانک/حساب
A40: 56 | B40: 1 | C40: ستاد | D40: 1403/10/11 | E40: 19:05 | F40: ‎1-1403-10-IRR-8892306497 | H40: ‎ | I40: واریز پایا IRR,0054569109_واریز پایا بابت شماره پیگیری 14031011054200065795 از بانک پارسيان شعبه 5499999 توسط بلندیان کاشی ابوالفضل | J40: 0 | K40: 187500000 | L40: 3212530000 | M40: ابوالفضل بلندیان بابت قسط مشترک حاجی | N40: واریز جواز یک | O40: رسالت/ همایون
A41: 57 | B41: 1 | C41: ستاد | D41: 1403/10/11 | E41: 19:05 | F41: ‎1-1403-10-IRR-8892308386 | H41: ‎ | I41: واریز پایا IRR,0054569109_واریز پایا بابت شماره پیگیری 14031011054200065634 از بانک پارسيان شعبه 5499999 توسط بلندیان کاشی ابوالفضل | J41: 0 | K41: 375000000 | L41: 3587530000 | M41: ابوالفضل بلندیان بابت قسط مشترک یزدی | N41: واریز جواز یک | O41: رسالت/ همایون
A42: 90 | B42: 1 | C42: ستاد | D42: 1403/11/14 | E42: 14:03:02 | F42: 9189942068 | I42: واریز پایا IRR,0054569109_واریز پایا بابت شماره پیگیری 14031114054200049284 از بانک پارسيان شعبه 5499999 توسط بلندیان کاشی ابوالفضل | J42: 0 | K42: 187500000 | L42: 1675165600 | M42: ابوالفضل بلندیان بابت قسط مشترک حاجی | N42: واریز جواز دو | O42: رسالت/ همایون
A43: 91 | B43: 1 | C43: ستاد | D43: 1403/11/14 | E43: 14:04:52 | F43: 9189948576 | I43: واریز پایا IRR,0054569109_واریز پایا بابت شماره پیگیری 14031114054200048871 از بانک پارسيان شعبه 5499999 توسط بلندیان کاشی ابوالفضل | J43: 0 | K43: 375000000 | L43: 2050165600 | M43: ابوالفضل بلندیان بابت قسط مشترک یزدی | N43: واریز جواز دو | O43: رسالت/ همایون
A44: 110 | B44: 995 | C44: کارت | D44: 1403/12/15 | E44: 11:12:30 | F44: 9469365704 | I44: واریز پایا IRR,0054569109_واریز پایا بابت شماره پیگیری 14031215054200010096 از بانک پارسيان شعبه 5499999 توسط بلندیان کاشی ابوالفضل | J44: 0 | K44: 187500000 | L44: 1112505400 | M44: ابوالفضل بلندیان بابت قسط مشترک حاجی | N44: واریز جواز سه | O44: رسالت/ همایون
A45: 167 | B45: 996 | C45: بانکداری مدرن | D45: 1403/12/14 | E45: 11:53:30 | F45: 9460493323 | G45: 1 | I45: انتقال وجه از سپرده 10.9425002.1 - هیات امنا حق الزحمه ابوالفضل بلندیان توسط همايون بلنديان کاشي_سامانه اینترنت بانک | J45: 0 | K45: 375000000 | L45: 4143041644 | M45: ابوالفضل بلندیان | N45: قسط جواز3 | O45: رسالت/ کریمپور
A46: 134 | B46: 995 | C46: کارت | D46: 1404/01/15 | E46: 14:39:31 | F46: 9762988690 | I46: واریز پایا IRR,0054569109_واریز پایا بابت شماره پیگیری 14040114054200032540 از بانک پارسيان شعبه 5499999 توسط بلندیان کاشی ابوالفضل | J46: 0 | K46: 185000000 | L46: 1736637132 | M46: ابوالفضل بلندیان بابت قسط مشترک حاجی | N46: واریز جواز چهار | O46: رسالت/ همایون
A47: 136 | B47: 995 | C47: کارت | D47: 1404/01/15 | E47: 14:39:34 | F47: 9759907199 | I47: واریز پایا IRR,0054569109_واریز پایا بابت شماره پیگیری 14040114054200032460 از بانک پارسيان شعبه 5499999 توسط بلندیان کاشی ابوالفضل | J47: 0 | K47: 375000000 | L47: 2861637132 | M47: ابوالفضل بلندیان بابت قسط مشترک یزدی | N47: واریز جواز چهار | O47: رسالت/ همایون

Sheet هاشم و نرگس حاجی قاسمی
B1: هاشم حاجی قاسمی
C2: سهم مشترک با نرگس حاجی قاسمی
A3: ردیف | B3: تاریخ | C3: شرح سند | D3: شماره سند | E3: شعبه | F3: واریز (ریال) | G3: مانده (ریال) | H3: توضیحات کاربر | I3: بانک/حساب
A4: 68 | B4: ۱۴۰۳/۰۸/۲۶ | ۰۸:۰۵ | C4: واریز ساتنا ۰۳۰۸۲۶۰۱۹۱۷۹۵۶۳۳ازطرف پرویززادهاز شباIR۳۱۰۱۹۰۰۰۰۰۰۰۲۱۳۴۱۶۹۳۶۰۰۷ش م | D4: 10970205 | E4: مديريت حسابداري و خزانه داري-۴۷۵ | F4: 1500000000 | G4: هاشم حاجی قاسمی | H4: قسط زمین | I4: نیل قاز/سامان
A5: 66 | B5: ۱۴۰۳/۰۸/۲۶ | ۰۷:۴۰ | C5: واریز ساتنا ۰۳۰۸۲۶۰۱۹۱۷۹۳۸۹۵ازطرف حاجی قاسمیاز شباIR۹۶۰۱۹۰۰۰۰۰۰۰۲۱۸۹۱۰۶۷۳۰۰۹ش م | D5: 10968115 | E5: مديريت حسابداري و خزانه داري-۴۷۵ | F5: 1000000000 | G5: هاشم حاجی قاسمی | H5: قسط زمین | I5: نیل قاز/سامان
C6: بابت 3 درصد زمین 352500000هیات امنا بابت 15 درصد خرید آهن 204000000 بابت 15 درصد کمیسیون حیدری 75000000 جمعا 591500000 500 میلیون بابت مبلغ زمین نرگس پرویز زاده حساب شد 91500000 تومان بابت زمین مشترک با نرگس حاجی قاسمی | F6: 915000000 | G6: هاشم حاجی قاسمی | H6: قسط زمین | I6: هیات امنا
A7: 157 | B7: 1404/02/10 | C7: واریز پایا IRR,0040517837_واریز پایا بابت شماره پیگیری 140402100192488897 از بانک صادرات شعبه 1900013 توسط صدیقه حاجی قاسمی | D7: 9996134554 | E7: 0 | F7: 500000000 | G7: هاشم حاجی قاسمی | H7: قسط زمین | I7: رسالت/همایون
A8: 2 | B8: 1404/02/30 | C8: واریز از طریق ساتنا بابت پیام دریافتی از بانک دي به شماره پیگیری 0402300661600724 به درخواست بهنام عارف طاهر به شناسه پرداخت 000000000000000- انتقالی_واریز از طریق ساتنا بابت پیام دریافتی | D8: 10186979074 | F8: 85000000 | G8: بهنام عارف طاهر | H8: قسط زمین | I8: رسالت/کریم پور
B20: نرگس حاجی قاسمی
C21: سهم مشترک با هاشم
A22: ردیف | B22: تاریخ | C22: شرح سند | D22: شماره سند | E22: شعبه | F22: واریز (ریال) | G22: توضیحات کاربر | H22: توضیحات کاربر | I22: بانک/حساب
A23: 68 | B23: ۱۴۰۳/۰۸/۲۶ | ۰۸:۰۵ | C23: واریز ساتنا ۰۳۰۸۲۶۰۱۹۱۷۹۵۶۳۳ازطرف پرویززادهاز شباIR۳۱۰۱۹۰۰۰۰۰۰۰۲۱۳۴۱۶۹۳۶۰۰۷ش م | D23: 10970205 | E23: مديريت حسابداري و خزانه داري-۴۷۵ | F23: 1350000000 | G23: پرویززاده | H23: قسط زمین | I23: سامان/نیل قاز
A24: 69 | B24: ۱۴۰۳/۰۸/۲۶ | ۰۸:۳۸ | C24: واریز ساتنا ۰۳۰۸۲۶۰۱۹۱۷۹۸۰۴۰ازطرف پرویززادهاز شباIR۳۱۰۱۹۰۰۰۰۰۰۰۲۱۳۴۱۶۹۳۶۰۰۷ش م | D24: 10970334 | E24: مديريت حسابداري و خزانه داري-۴۷۵ | F24: 1250000000 | G24: پرویززاده | H24: قسط زمین | I24: سامان/نیل قاز
A25: 113 | B25: 1403/12/25 | C25: واریز پایا IRR,0040517837_واریز پایا بابت شماره پیگیری 140312250192256312 از بانک صادرات شعبه 1900013 توسط صدیقه حاجی قاسمی | D25: 9568393167 | F25: 500000000 | G25: صدیقه حاجی قاسمی | H25: قسط زمین | I25: رسالت/همایون
A26: 2 | B26: 1404/02/30 | C26: واریز از طریق ساتنا بابت پیام دریافتی از بانک دي به شماره پیگیری 0402300661600724 به درخواست بهنام عارف طاهر به شناسه پرداخت 000000000000000- انتقالی_واریز از طریق ساتنا بابت پیام دریافتی | D26: 10186979074 | F26: 900000000 | G26: بهنام عارف طاهر | H26: قسط زمین | I26: رسالت/کریم پور
C32: سهم مشترک با بلندیان و سایر
A33: ردیف | B33: تاریخ | C33: شرح سند | D33: شماره سند | E33: شعبه | F33: واریز (ریال) | G33: مانده (ریال) | H33: توضیحات کاربر | J33: بانک/حساب
A34: 126 | B34: 1403/11/14 | C34: واریز پایا IRR,0070646767_واریز پایا بابت شماره پیگیری 140311140172717836 از بانک ملي شعبه 1700251 توسط هاشم حاجی قاسمی | D34: 9183659084 | E34: 0 | F34: 500000000 | G34: هاشم حاجی قاسمی | H34: قسط زمین 4 نفره | J34: رسالت/کریمپور
A35: 157 | B35: 1404/02/10 | C35: واریز پایا IRR,0040517837_واریز پایا بابت شماره پیگیری 140402100192488897 از بانک صادرات شعبه 1900013 توسط صدیقه حاجی قاسمی | D35: 9996134554 | E35: 0 | F35: 500000000 | G35: هاشم حاجی قاسمی | H35: قسط زمین | J35: رسالت/همایون
A36: 158 | B36: 1404/02/10 | C36: واریز پایا IRR,0040517837_واریز پایا بابت شماره پیگیری 140402100192474264 از بانک صادرات شعبه 1900013 توسط صدیقه حاجی قاسمی | D36: 9993097324 | E36: 0 | F36: 1000000000 | G36: هاشم حاجی قاسمی | H36: قسط زمین | J36: رسالت/همایون
F37: =SUM(F34:F36) -> 2000000000
E38: مبلغ 1/5 دانگ سهم | F38: 2000000000
E39: بدهی بابت زمین | F39: =F37-F38 -> 0

Sheet حمیده احمدی
B1: حمیده احمدی
B2: کد شعبه | C2: شعبه | D2: تاریخ | E2: ساعت | F2: سند | G2: شماره قبض | H2: شماره چک | I2: توضیحات | J2: واریز | K2: یادداشت | M2: بانک/حساب
A3: 65 | B3: 1 | C3: ستاد | D3: 1403/10/18 | E3: 11:02 | F3: ‎1-1403-10-IRR-8956437323 | H3: ‎ | I3: واریز پایا IRR,0054569109_واریز پایا بابت شماره پیگیری 14031018054200016888 از بانک پارسيان شعبه 5499999 توسط بلندیان کاشی ابوالفضل | J3: 1000000000 | K3: ابوالفضل بلندیان بابت قسط زمین حمیده احمدی | L3: واریز زمین | M3: رسالت/همایون
A4: 77 | B4: 1 | C4: ستاد | D4: 1403/10/19 | E4: 16:51 | F4: ‎1-1403-10-IRR-8968987782 | G4: cheque-settlement-with-stmt269278101352 | H4: ‎0206/673027 | I4: واریز بابت وصول چک 0206/673027 صادر از شعبه دهخدا بانک ملي_سند وصول چک عادی عهده سایر بانکها به شماره 0206/673027 بانک ملي در تاریخ 1403/10/19 | J4: 2000000000 | K4: ابوالفضل بلندیان بابت قسط زمین حمیده احمدی | L4: واریز زمین | M4: رسالت/همایون
I5: بابت درصد هیات امنا زمین و خرید لوازم | J5: 5000000000 | L5: واریز زمین
A6: 55 | B6: 1 | C6: ستاد | D6: 1403/10/11 | E6: 14:10 | F6: ‎1-1403-10-IRR-8894880455 | H6: ‎ | I6: واریز پایا IRR,0054569109_واریز پایا بابت شماره پیگیری 14031011054200064769 از بانک پارسيان شعبه 5499999 توسط بلندیان کاشی ابوالفضل | J6: 750000000 | K6: بلندیان کاشی ابوالفضل | L6: واریز جواز یک | M6: رسالت/همایون
A7: 127 | B7: 996 | C7: بانکداری مدرن | D7: 1403/11/14 | E7: 11:40:51 | F7: 9186715487 | G7: 1 | I7: انتقال وجه از سپرده 10.9425002.1 - هیات امنا 246 هاشم حاجی قاسمی توسط همايون بلنديان کاشي_سامانه اینترنت بانک | J7: 750000000 | K7: حمیده احمدی | L7: قسط جواز 2 | M7: رسالت/کریمپور
A8: 162 | B8: 996 | C8: بانکداری مدرن | D8: 1403/12/13 | E8: 10:11:16 | F8: 9448638193 | G8: 1 | I8: انتقال وجه از سپرده 10.9425002.1 - هیات امنا حق الزحمه ابوالفضل بلندیان توسط همايون بلنديان کاشي_سامانه اینترنت بانک | J8: 750000000 | K8: نرگس پرویززاده | L8: قسط جواز3 | M8: رسالت/کریمپور
A9: 137 | B9: 995 | C9: کارت | D9: 1404/01/15 | E9: 14:41:07 | F9: 9762995163 | I9: واریز پایا IRR,0054569109_واریز پایا بابت شماره پیگیری 14040114054200032062 از بانک پارسيان شعبه 5499999 توسط بلندیان کاشی ابوالفضل | J9: 750000000 | K9: واریز جواز چهار | L9: قسط جواز4 | M9: پارسیان/ابوالفضل
A10: 218 | B10: 996 | C10: بانکداری مدرن | D10: 1404/02/14 | E10: 17:54:43 | F10: 10045073661 | G10: 1 | I10: انتقال وجه از سپرده 10.9425002.1 - حق الزحمه هیات امنا 246 ابوالفضل بلندیان توسط همايون بلنديان کاشي_سامانه اینترنت بانک | J10: 750000000 | K10: ابوالفضل بلندیان | L10: قسط جواز 5 | M10: رسالت/کریمپور
B13: کد شعبه | C13: شعبه | D13: تاریخ | E13: ساعت | F13: سند | G13: شماره قبض | H13: شماره چک | I13: توضیحات | J13: واریز | K13: یادداشت | M13: بانک/حساب
A15: 127 | B15: 996 | C15: بانکداری مدرن | D15: 1403/11/14 | E15: 11:40:51 | F15: 9186715487 | G15: 1 | I15: انتقال وجه از سپرده 10.9425002.1 - هیات امنا 246 هاشم حاجی قاسمی توسط همايون بلنديان کاشي_سامانه اینترنت بانک | J15: 750000000 | K15: حمیده احمدی | L15: قسط جواز 2 | M15: رسالت/همایون
A16: 161 | B16: 996 | C16: بانکداری مدرن | D16: 1403/12/13 | E16: 09:42:26 | F16: 9451695282 | G16: 1 | I16: انتقال وجه از سپرده 10.9425002.1 - هیات امنا حق الزحمه هاشم حاجی قاسمی توسط همايون بلنديان کاشي_سامانه اینترنت بانک | J16: 750000000 | K16: حمیده احمدی | L16: قسط جواز3 | M16: رسالت/همایون
A23: 125 | B23: 996 | C23: بانکداری مدرن | D23: 1403/11/14 | E23: 09:42:38 | F23: 9183440045 | G23: 1 | H23: انتقال وجه از سپرده 10.9425002.1 - هیات امنا 246بلندیان توسط همايون بلنديان کاشي_سامانه اینترنت بانک | I23: 0 | J23: 750000000 | K23: 2500194044 | L23: نرگس پرویززاده | M23: قسط جواز 2
A25: 161 | B25: 996 | C25: بانکداری مدرن | D25: 1403/12/13 | E25: 09:42:26 | F25: 9451695282 | G25: 1 | H25: انتقال وجه از سپرده 10.9425002.1 - هیات امنا حق الزحمه هاشم حاجی قاسمی توسط همايون بلنديان کاشي_سامانه اینترنت بانک | I25: 0 | J25: 750000000 | K25: 1768041644 | L25: حمیده احمدی | M25: قسط جواز3
A27: 167 | B27: 996 | C27: بانکداری مدرن | D27: 1403/12/14 | E27: 11:53:30 | F27: 9460493323 | G27: 1 | H27: انتقال وجه از سپرده 10.9425002.1 - هیات امنا حق الزحمه ابوالفضل بلندیان توسط همايون بلنديان کاشي_سامانه اینترنت بانک | I27: 0 | J27: 375000000 | K27: 4143041644 | L27: ابوالفضل بلندیان | M27: قسط جواز3
A28: 169 | B28: 996 | C28: بانکداری مدرن | D28: 1403/12/14 | E28: 18:10:57 | F28: 9461178281 | G28: 1 | H28: انتقال وجه از سپرده 10.9425002.1 - هیات امنا حق الزحمه هاشم حاجی قاسمی توسط همايون بلنديان کاشي_سامانه اینترنت بانک | I28: 0 | J28: 375000000 | K28: 5268041644 | L28: نرگس پرویززاده | M28: قسط جواز3
A29: 217 | B29: 996 | C29: بانکداری مدرن | D29: 1404/02/14 | E29: 15:24:58 | F29: 10041839340 | G29: 1 | H29: انتقال وجه از سپرده 10.9425002.1 - حق الزحمه هیات امنا 246 هاشم حاجی قاسمی توسط همايون بلنديان کاشي_سامانه اینترنت بانک | I29: 0 | J29: 750000000 | K29: 7054429882 | L29: نرگس پرویززاده | M29: قسط جواز 5

Sheet نرگس پرویز زاده
B1: ='لیست اعضا'!$B$31 -> نرگس پرویز زاده
B2: کد شعبه | C2: شعبه | D2: تاریخ | E2: ساعت | F2: سند | G2: شماره قبض | H2: شماره چک | I2: واریز | K2: بانک/حساب
A3: 101 | B3: 1 | C3: ستاد | D3: 1403/10/17 | E3: 14:00:34 | F3: 8950789423 | H3: واریز پایا IRR,0061976441_واریز پایا بابت شماره پیگیری 140310170192396461 از بانک صادرات شعبه 1900013 توسط نرگس پرویززاده | I3: 750000000 | J3: نرگس پرویززاده | K3: واریز زمین
A4: 102 | B4: 1 | C4: ستاد | D4: 1403/10/17 | E4: 14:00:35 | F4: 8950789486 | H4: واریز پایا IRR,0061976441_واریز پایا بابت شماره پیگیری 140310170192400441 از بانک صادرات شعبه 1900013 توسط نرگس پرویززاده | I4: 750000000 | J4: نرگس پرویززاده | K4: واریز زمین
A5: 103 | B5: 1 | C5: ستاد | D5: 1403/10/17 | E5: 14:00:42 | F5: 8953776059 | H5: واریز پایا IRR,0061976441_واریز پایا بابت شماره پیگیری 140310170192395942 از بانک صادرات شعبه 1900013 توسط نرگس پرویززاده | I5: 750000000 | J5: نرگس پرویززاده | K5: واریز زمین
A6: 104 | B6: 1 | C6: ستاد | D6: 1403/10/17 | E6: 14:01:39 | F6: 8950792881 | H6: واریز پایا IRR,0061976441_واریز پایا بابت شماره پیگیری 140310170192400907 از بانک صادرات شعبه 1900013 توسط نرگس پرویززاده | I6: 750000000 | J6: نرگس پرویززاده | K6: واریز زمین
H7: بابت درصد هیات امنا زمین و خرید لوازم | I7: 5000000000 | J7: نرگس پرویززاده | K7: واریز زمین
A8: 85 | B8: 1 | C8: ستاد | D8: 1403/10/11 | E8: 11:54:33 | F8: 8894619688 | G8: 0310110601055102*140310110601055102 | H8: واریز از طریق ساتنا بابت پیام دریافتی از بانک قرض الحسنه مهر ايران به شماره پیگیری 0310110601055102 به درخواست محبوبه هزاردستان به شناسه پرداخت 000000000000000- انتقالی_واریز از طریق ساتنا بابت پیام دریافتی | I8: 750000000 | J8: نرگس پرویززاده | K8: قسط جواز یک
A9: 125 | B9: 996 | C9: بانکداری مدرن | D9: 1403/11/14 | E9: 09:42:38 | F9: 9183440045 | G9: 1 | H9: انتقال وجه از سپرده 10.9425002.1 - هیات امنا 246بلندیان توسط همايون بلنديان کاشي_سامانه اینترنت بانک | I9: 750000000 | J9: نرگس پرویززاده | K9: قسط جواز 2
A10: 161 | B10: 996 | C10: بانکداری مدرن | D10: 1403/12/13 | E10: 09:42:26 | F10: 9451695282 | G10: 1 | H10: انتقال وجه از سپرده 10.9425002.1 - هیات امنا حق الزحمه هاشم حاجی قاسمی توسط همايون بلنديان کاشي_سامانه اینترنت بانک | I10: 750000000 | J10: نرگس پرویززاده | K10: قسط جواز3
A11: 195 | B11: 995 | C11: کارت | D11: 1404/01/14 | E11: 11:05:28 | F11: 9750679547 | H11: واریز پایا IRR,0061976441_واریز پایا بابت شماره پیگیری 140401140192614413 از بانک صادرات شعبه 1900220 توسط نرگس پرویززاده | I11: 750000000 | J11: نرگس پرویززاده | K11: قسط جواز 4
A12: 217 | B12: 996 | C12: بانکداری مدرن | D12: 1404/02/14 | E12: 15:24:58 | F12: 10041839340 | G12: 1 | H12: انتقال وجه از سپرده 10.9425002.1 - حق الزحمه هیات امنا 246 هاشم حاجی قاسمی توسط همايون بلنديان کاشي_سامانه اینترنت بانک | I12: 750000000 | J12: نرگس پرویززاده | K12: قسط جواز 5
A19: 167 | B19: 996 | C19: بانکداری مدرن | D19: 1403/12/14 | E19: 11:53:30 | F19: 9460493323 | G19: 1 | H19: انتقال وجه از سپرده 10.9425002.1 - هیات امنا حق الزحمه ابوالفضل بلندیان توسط همايون بلنديان کاشي_سامانه اینترنت بانک | I19: 375000000 | J19: ابوالفضل بلندیان | K19: قسط جواز3
A20: 169 | B20: 996 | C20: بانکداری مدرن | D20: 1403/12/14 | E20: 18:10:57 | F20: 9461178281 | G20: 1 | H20: انتقال وجه از سپرده 10.9425002.1 - هیات امنا حق الزحمه هاشم حاجی قاسمی توسط همايون بلنديان کاشي_سامانه اینترنت بانک | I20: 375000000 | J20: نرگس پرویززاده | K20: قسط جواز3

Sheet پویا
B1: ='لیست اعضا'!$B$4 -> محسن پویا
A2: ردیف | B2: نام و نام خانوادگی | C2: میزان سهم | D2: مبلغ سهم | E2: پرداخت اول | F2: نوع پرداخت | G2: پرداخت دوم | H2: نوع پرداخت | I2: پرداخت سوم | J2: نوع پرداخت | K2: پرداخت چهارم | L2: پرداخت پنجم | M2: جمع پرداختها | N2: کسری پرداخت زمین
A3: 3 | B3: محسن پویا | C3: 1 | D3: 8000000000 | E3: 3500000000 | F3: چک- نیل قاز | G3: 2000000000 | H3: چک- نیل قاز | I3: 2500000000 | J3: چک- نیل قاز | M3: =E3+G3+I3+K3 -> 8000000000 | N3: =D3-M3 -> 0
A5: ردیف | B5: تاریخ | C5: شرح سند | D5: شماره سند | E5: شماره برگه/چک | F5: شناسه واریز | G5: شعبه | H5: مبلغ | I5: ذینفع | J5: عنوان قسط | K5: پروژه
A6: 29 | B6: ۱۴۰۳/۰۸/۱۶ | ۰۶:۴۹ | C6: ش چک /۰۱۳۰/۶۱۶۳۷۹ بانک عهده ملی ش رهگیری ۰۳۰۸۱۵۰۵۶۴۰۰۲۲۸۶ | D6: 10353572 | E6: /۰۱۳۰/۶۱۶۳۷۹ | F6: 308150564002286 | G6: اداره پاياپاي-۸۹۸ | H6: 3500000000 | I6: سعید پویا | J6: قسط زمین | K6: سامان/نیل قاز
A7: 62 | B7: ۱۴۰۳/۰۸/۲۴ | ۱۲:۰۹ | C7: انتقال وجه موبایلت از سپرده ۹۰۴.۲۰.۸۱۰۲۲۸.۱ ش.پ ۰۰۰۰۱۷۳۱۵۷۳۵۴۸۳۶۶۴۰۳ - کاظم نیل قاز | D7: 20867480 | E7: /۰۱۳۰/۶۱۶۳78 | F7: 1.7315735e+15 | G7: شهريار-۹۰۴ | H7: 2000000000 | I7: محسن پویا | J7: قسط زمین | K7: سامان/نیل قاز
A8: 63 | B8: 1403/09/15 | E8: /۰۱۳۰/۶۱۶۳۷7 | F8: 1.7315735e+15 | G8: شهريار-۹۰۵ | H8: 2500000000 | I8: محسن پویا | J8: قسط زمین | K8: سامان/نیل قاز
B17: تاریخ | C17: ساعت | D17: سند | E17: شماره قبض | F17: شماره چک | G17: توضیحات | H17: مبلغ | I17: ذینفع | J17: عنوان قسط | K17: پروژه
B18: 1403/10/15 | C18: /۰۱۲۴/۰۹۲۱۷۴ | E18: /۰۱۲۴/۰۹۲۱۷۴ | H18: 750000000 | I18: محسن پویا | J18: قسط جواز1 | K18: کوهی-خرید آهن | Q18: 246
A19: 168 | B19: ۱۴۰۳/۱۱/۲۹ | ۰۶:۴۴ | C19: ش چک /۰۱۲۴/۰۹۲۱۷۵ بانک عهده سپه ش رهگیری ۰۳۱۱۲۷۰۵۶۴۰۰۶۱۶۷ | D19: ۱۰۵۲۵۶۰۷ | E19: /۰۱۲۴/۰۹۲۱۷۵ | F19: ۰۳۱۱۲۷۰۵۶۴۰۰۶۱۶۷ | G19: اداره پاياپاي-۸۹۸ | H19: 750000000 | I19: محسن پویا | J19: قسط جواز2 | K19: سامان/نیل قاز
B20: 1404/12/15 | F20: 0130/616389 | H20: 750000000 | I20: محسن پویا | J20: قسط جواز3
A21: 149 | B21: 1404/01/16 | C21: 17:48:17 | D21: 9772433890 | E21: cheque-settlement-with-stmt281584257736 | F21: 0130/616390 | G21: واریز بابت وصول چک 0130/616390 صادر از شعبه بهار کرج بانک ملي_سند وصول چک عادی عهده سایر بانکها به شماره 0130/616390 بانک ملي در تاریخ 1404/01/16 | H21: 750000000 | I21: سعید پویا | J21: قسط جواز 4 | K21: رسالت/بلندیان
A22: 21 | B22: 1404/02/20 | C22: 17:02:31 | D22: 10092249412 | E22: cheque-settlement-with-stmt286125513899 | F22: 0130/616391 | G22: واریز بابت وصول چک 0130/616391 صادر از شعبه بهار کرج بانک ملي_سند وصول چک عادی عهده سایر بانکها به شماره 0130/616391 بانک ملي در تاریخ 1404/02/20 | H22: 750000000 | I22: سعید پویا | J22: قسط جواز 5 | K22: رسالت/هاشم حاجی قاسمی
A23: 250 | B23: 1404/03/18 | C23: 15:04:22 | D23: 10347738490 | E23: cheque-settlement-with-stmt290357614500 | F23: 0130/616392 | G23: واریز بابت وصول چک 0130/616392 صادر از شعبه بهار کرج بانک ملي_سند وصول چک عادی عهده سایر بانکها به شماره 0130/616392 بانک ملي در تاریخ 1404/03/18 | H23: 750000000 | I23: سعید پویا | J23: قسط جواز 6 | K23: رسالت/بلندیان

Sheet نرگس حاجی قاسمی
B1: نرگس حاجی قاسمی
C2: سهم مشترک با هاشم
A3: ردیف | B3: تاریخ | C3: شرح سند | D3: شماره سند | E3: شماره برگه/چک | F3: شناسه واریز | G3: شعبه | H3: واریز (ریال) | I3: توضیحات کاربر | J3: بانک/حساب
A4: 68 | B4: ۱۴۰۳/۰۸/۲۶ | ۰۸:۰۵ | C4: واریز ساتنا ۰۳۰۸۲۶۰۱۹۱۷۹۵۶۳۳ازطرف پرویززادهاز شباIR۳۱۰۱۹۰۰۰۰۰۰۰۲۱۳۴۱۶۹۳۶۰۰۷ش م | D4: 10970205 | G4: مديريت حسابداري و خزانه داري-۴۷۵ | H4: 1350000000 | I4: پرویززاده | J4: سامان/نیل قاز
A5: 69 | B5: ۱۴۰۳/۰۸/۲۶ | ۰۸:۳۸ | C5: واریز ساتنا ۰۳۰۸۲۶۰۱۹۱۷۹۸۰۴۰ازطرف پرویززادهاز شباIR۳۱۰۱۹۰۰۰۰۰۰۰۲۱۳۴۱۶۹۳۶۰۰۷ش م | D5: 10970334 | G5: مديريت حسابداري و خزانه داري-۴۷۵ | H5: 1250000000 | I5: پرویززاده | J5: سامان/نیل قاز
A6: 113 | B6: 1403/12/25 | C6: واریز پایا IRR,0040517837_واریز پایا بابت شماره پیگیری 140312250192256312 از بانک صادرات شعبه 1900013 توسط صدیقه حاجی قاسمی | D6: 9568393167 | H6: 500000000 | I6: صدیقه حاجی قاسمی | J6: رسالت/همایون
G7: جمع واریزی تا تاریخ 1404/02/03 | H7: =SUM(H4:H6) -> 3100000000
G8: مبلغ سه دانگ سهم | H8: 4000000000
G9: بدهی بابت زمین | H9: =H8-H7 -> 900000000

Sheet اعظم خوانین زاده
B1: اعظم خوانین زاده
A3: ردیف | B3: نام و نام خانوادگی | C3: میزان سهم | D3: مبلغ سهم | E3: نوع پرداخت | F3: پرداخت اول | G3: نوع پرداخت | H3: پرداخت دوم | I3: پرداخت 550 میلیون | J3: کسری واریز 550 میلیون | K3: نوع پرداخت | L3: نوع پرداخت | M3: پرداخت سوم | N3: جمع پرداخت اول و دوم و سوم | O3: پرداختی زمین | P3: پرداخت | Q3: کسری پرداخت زمین
A4: 8 | B4: اعظم خوانین زاده | C4: 0.25 | D4: 2000000000 | E4: حواله -فاطمه کریم پور | F4: ='[1]اعضای اصلی'!$E$8 -> 425000000 | G4: کریمپور- نیل قاز | H4: ='[1]اعضای اصلی'!$G$8 -> 625000000 | I4: =F4+H4 -> 1050000000 | J4: 950000000 | K4: کریمپور- نیل قاز | L4: حساب کریمپور | M4: 950000000 | N4: =F4+H4+M4 -> 2000000000 | O4: =I4+M4 -> 2000000000 | Q4: =O4-D4 -> 0

Sheet یوسف حاجی قاسمی
B1: یوسف حاجی قاسمی
C3: سهم مشترک با بلندیان و سایر
A4: ردیف | B4: تاریخ | C4: شرح سند | D4: شماره سند | E4: شماره برگه/چک | F4: شناسه واریز | G4: شعبه | H4: واریز (ریال) | I4: توضیحات کاربر | J4: بانک/حساب
A5: 67 | B5: ۱۴۰۳/۰۸/۲۶ | ۰۷:۴۰ | C5: واریز ساتنا ۰۳۰۸۲۶۰۱۹۱۷۹۴۳۰۸ازطرف پرویززادهاز شباIR۳۱۰۱۹۰۰۰۰۰۰۰۲۱۳۴۱۶۹۳۶۰۰۷ش م | D5: 10968116 | G5: مديريت حسابداري و خزانه داري-۴۷۵ | H5: 1300000000 | I5: پرویززاده برای سهم زمین یوسف حاجی قاسمی لحاظ شد | J5: سامان/نیل قاز
G6: جمع واریزی تا تاریخ 1404/02/03 | H6: 1300000000
G7: مبلغ سه دانگ سهم | H7: 2000000000
G8: بدهی بابت زمین | H8: =H7-H6 -> 700000000

Sheet مرتضی دزفولیان
B1: مرتضی دزفولیان
A3: ردیف | B3: نام و نام خانوادگی | C3: میزان سهم | D3: مبلغ سهم | E3: نوع پرداخت | F3: پرداخت اول | G3: نوع پرداخت | H3: پرداخت دوم | I3: پرداخت 550 میلیون | J3: کسری واریز 550 میلیون | K3: نوع پرداخت | L3: نوع پرداخت | M3: پرداخت سوم | N3: جمع پرداخت اول و دوم و سوم | O3: پرداختی زمین | P3: پرداخت | Q3: کسری پرداخت زمین
A4: 10 | B4: مرتضی دزفولیان | C4: 1 | D4: 8000000000 | E4: چک | F4: 3000000000 | G4: چک- نیل قاز | H4: 2500000000 | I4: =F4+H4 -> 5500000000 | J4: =D4-I4-M4 -> 0 | K4: چک- نیل قاز | L4: چک- نیل قاز | M4: 2500000000 | N4: =F4+H4+M4 -> 8000000000 | O4: =I4+M4 -> 8000000000 | Q4: =O4-D4 -> 0
A11: ردیف | B11: تاریخ | C11: شرح سند | D11: شماره سند | E11: شماره برگه/چک | F11: شناسه واریز | G11: شعبه | H11: واریز (ریال) | I11: برداشت (ریال) | J11: مانده (ریال) | K11: توضیحات کاربر
A12: 27 | B12: ۱۴۰۳/۰۸/۱۶ | ۰۶:۴۶ | C12: ش چک /۰۲۱۰/۰۲۹۴۲۶ بانک عهده ملی ش رهگیری ۰۳۰۸۱۵۰۵۶۴۰۰۲۱۷۵ | D12: 10353552 | E12: /۰۲۱۰/۰۲۹۴۲۶ | F12: 308150564002175 | G12: اداره پاياپاي-۸۹۸ | H12: 2500000000 | I12: 0 | J12: 20000134179 | K12: مرتضی دزفولیان
B17: کد شعبه | C17: شعبه | D17: تاریخ | E17: ساعت | F17: سند | G17: شماره قبض | H17: شماره چک | I17: توضیحات | J17: واریز | K17: یادداشت
H18: 0210/029428 | I18: ش چک /۰۲۱۰/۰۲۹۴۲8 بانک عهده ملی | J18: 750000000 | L18: قسط جواز 1 | M18: کوهی
A19: 156 | B19: ۱۴۰۳/۱۱/۲۹ | ۰۶:۴۰ | D19: ۱۰۵۲۴۷۵۵ | E19: /۰۲۱۰/۰۲۹۴۲۹ | F19: ۰۳۱۱۲۷۰۵۶۴۰۰۶۰۱۷ | G19: اداره پاياپاي-۸۹۸ | H19: 0210/029429 | I19: ش چک /۰۲۱۰/۰۲۹۴۲۹ بانک عهده ملی ش رهگیری ۰۳۱۱۲۷۰۵۶۴۰۰۶۰۱۷ | J19: 750000000 | K19: مرتضی دزفولیان | L19: قسط جواز 2 | M19: سامان/نیل قاز
H20: 0210/029430 | I20: ش چک /۰۲۱۰/۰۲۹۴30 بانک عهده ملی | J20: 750000000 | L20: قسط جواز 3
A21: 126 | B21: 995 | C21: کارت | D21: 1404/01/14 | E21: 14:05:20 | F21: 9754025861 | I21: واریز پایا IRR,1755696159_واریز پایا بابت شماره پیگیری 140401140172090741 از بانک ملي شعبه 1700251 توسط مرتضی دزفولیان | J21: 750000000 | K21: مرتضی دزفولیان | L21: قسط جواز 4 | M21: رسالت/همایون
A22: 163 | B22: 1 | C22: ستاد | D22: 1404/02/14 | E22: 10:17:11 | F22: 10038347216 | G22: 0402140171021472*140402140171021472 | I22: واریز از طریق ساتنا بابت پیام دریافتی از بانک ملي به شماره پیگیری 0402140171021472 به درخواست مرتضی دزفولیان- انتقالی_واریز از طریق ساتنا بابت پیام دریافتی | J22: 750000000 | K22: مرتضی دزفولیان | L22: قسط جواز 5 | M22: رسالت/همایون
A23: 183 | B23: 995 | C23: کارت | D23: 1404/03/12 | E23: 19:03:32 | F23: 10299533591 | I23: واریز پایا IRR,1755696159_واریز پایا بابت شماره پیگیری 140403120172235697 از بانک ملي شعبه 1700251 توسط مرتضی دزفولیان | J23: 750000000 | K23: مرتضی دزفولیان | L23: قسط جواز 6 | M23: رسالت/همایون

Sheet هادی مرادی
B1: هادی مرادی
A3: ردیف | B3: نام و نام خانوادگی | C3: میزان سهم | D3: مبلغ سهم | E3: نوع پرداخت | F3: پرداخت اول | G3: نوع پرداخت | H3: پرداخت دوم | I3: پرداخت 550 میلیون | J3: کسری واریز 550 میلیون | K3: نوع پرداخت | L3: نوع پرداخت | M3: پرداخت سوم | N3: جمع پرداخت اول و دوم و سوم | O3: پرداختی زمین | P3: پرداخت | Q3: کسری پرداخت زمین
A4: 9 | B4: هادی مرادی-اکبرنیا | C4: 1 | D4: 8000000000 | E4: چک | F4: 3000000000 | G4: چک- نیل قاز | H4: 2500000000 | I4: =F4+H4 -> 5500000000 | J4: =D4-I4-M4 -> 0 | K4: چک- نیل قاز | L4: چک- نیل قاز | M4: 2500000000 | N4: =F4+H4+M4 -> 8000000000 | O4: =I4+M4 -> 8000000000 | Q4: =O4-D4 -> 0
B9: کد شعبه | C9: شعبه | D9: تاریخ | E9: ساعت | F9: سند | G9: شماره قبض | H9: توضیحات | I9: برداشت | J9: واریز | K9: مانده | L9: یادداشت | M9: تراکنش 246
A10: 93 | B10: 1 | C10: ستاد | D10: 1403/10/13 | E10: 04:49:05 | F10: 8911509981 | H10: واریز پایا IRR,0491973780_واریز پایا بابت شماره پیگیری 1403101301527389860 از بانک سپه شعبه 1507460 توسط هادی مرادی | I10: 0 | J10: 750000000 | K10: 2945276044 | L10: هادی مرادی | M10: واریز جواز 1 | N10: رسالت/کریمپور
A11: 129 | B11: 995 | C11: کارت | D11: 1403/11/15 | E11: 07:31:01 | F11: 9195014758 | H11: واریز پایا IRR,0491973780_واریز پایا بابت شماره پیگیری 1403111501521574080 از بانک سپه شعبه 1507460 توسط هادی مرادی | I11: 0 | J11: 750000000 | K11: 4687694044 | L11: هادی مرادی | M11: واریز جواز 2 | N11: رسالت/کریمپور
A12: 168 | B12: 995 | C12: کارت | D12: 1403/12/14 | E12: 14:09:19 | F12: 9460755542 | H12: واریز پایا IRR,0491973780_واریز پایا بابت شماره پیگیری 1403121401525754140 از بانک سپه شعبه 1507460 توسط هادی مرادی | I12: 0 | J12: 750000000 | K12: 4893041644 | L12: هادی مرادی | M12: واریز جواز 3 | N12: رسالت/کریمپور
A13: 188 | B13: 995 | C13: کارت | D13: 1404/01/10 | E13: 04:44:30 | F13: 9721744188 | H13: واریز پایا IRR,0491973780_واریز پایا بابت شماره پیگیری 1404011001529772138 از بانک سپه شعبه 1507460 توسط هادی مرادی | I13: 0 | J13: 750000000 | K13: 1709039882 | L13: هادی مرادی | M13: واریز جواز 4 | N13: رسالت/کریمپور
A14: 220 | B14: 995 | C14: کارت | D14: 1404/02/15 | E14: 04:51:09 | F14: 10046435416 | H14: واریز پایا IRR,0491973780_واریز پایا بابت شماره پیگیری 1404021501523891124 از بانک سپه شعبه 1507460 توسط هادی مرادی | I14: 0 | J14: 750000000 | K14: 9304429882 | L14: هادی مرادی | M14: واریز جواز 5 | N14: رسالت/کریمپور

Sheet امید علی حیدری
B1: امید علی حیدری
A2: ردیف | B2: تاریخ | C2: شرح سند | D2: شماره سند | E2: شماره برگه/چک | F2: شناسه واریز | G2: شعبه | H2: واریز (ریال) | I2: توضیحات کاربر
A3: 1 | B3: ۱۴۰۳/۰۸/۱۴ | ۱۴:۱۳ | C3: بابت واریز پایا۱۴۰۳۰۸۱۴۰۷۰۲۳۹۰۶۴۰از امید علی حیدری از حسابIR۳۹۰۷۰۰۰۰۱۰۰۰۱۱۴۵۴۶۰۶۲۰۰۱ | D3: 10247713 | G3: مديريت حسابداري و خزانه داري-۴۷۵ | H3: 1000000000 | I3: مید علی حیدری | J3: سامان/نیل قاز
A4: 2 | B4: ۱۴۰۳/۰۸/۱۵ | ۰۴:۲۷ | C4: بابت واریز پایا۱۴۰۳۰۸۱۴۰۷۰۲۴۲۰۴۷۰از امید علی حیدری از حسابIR۳۹۰۷۰۰۰۰۱۰۰۰۱۱۴۵۴۶۰۶۲۰۰۱ | D4: 10283180 | G4: مديريت حسابداري و خزانه داري-۴۷۵ | H4: 1000000000 | I4: مید علی حیدری | J4: سامان/نیل قاز
A5: 3 | B5: ۱۴۰۳/۰۸/۱۵ | ۱۹:۱۲ | C5: بابت واریز پایا۱۴۰۳۰۸۱۵۰۷۰۲۴۹۳۵۰۴از امید علی حیدری از حسابIR۳۹۰۷۰۰۰۰۱۰۰۰۱۱۴۵۴۶۰۶۲۰۰۱ | D5: 10333256 | G5: مديريت حسابداري و خزانه داري-۴۷۵ | H5: 1000000000 | I5: امید علی حیدری | J5: سامان/نیل قاز
A6: 4 | B6: ۱۴۰۳/۰۸/۱۷ | ۱۵:۳۹ | C6: بابت واریز پایا۱۴۰۳۰۸۱۷۰۷۰۲۶۴۷۴۳۷از امید علی حیدری از حسابIR۳۹۰۷۰۰۰۰۱۰۰۰۱۱۴۵۴۶۰۶۲۰۰۱ | D6: 10450833 | G6: مديريت حسابداري و خزانه داري-۴۷۵ | H6: 500000000 | I6: امید علی حیدری | J6: سامان/نیل قاز
A7: 5 | B7: ۱۴۰۳/۰۸/۱۹ | ۱۴:۱۰ | C7: بابت واریز پایا۱۴۰۳۰۸۱۹۰۷۰۲۷۶۳۲۶۱از امید علی حیدری از حسابIR۳۹۰۷۰۰۰۰۱۰۰۰۱۱۴۵۴۶۰۶۲۰۰۱ | D7: 10558124 | G7: مديريت حسابداري و خزانه داري-۴۷۵ | H7: 1000000000 | I7: مید علی حیدری | J7: سامان/نیل قاز
A8: 6 | B8: ۱۴۰۳/۰۸/۲۰ | ۱۹:۱۱ | C8: بابت واریز پایا۱۴۰۳۰۸۲۰۰۷۰۲۸۹۳۹۹۸از امید علی حیدری از حسابIR۳۹۰۷۰۰۰۰۱۰۰۰۱۱۴۵۴۶۰۶۲۰۰۱ | D8: 10644148 | G8: مديريت حسابداري و خزانه داري-۴۷۵ | H8: 1000000000 | I8: امید علی حیدری | J8: سامان/نیل قاز
A9: 7 | B9: 1403/09/15 | C9: سند واریز پایا - داخلی با شماره پیگیری 140309150702203703 شبای مقصد IR470700001000119425002001 شناسه واریز و شرح ارسال پایا از طریق بانکداری دیجیتال شرح مبدا:قسط سوم خرید زمین۱۰۰ از ۲۵۰ شرح مقصد:معاملات اموال غیرمنقول_سند واریز پایا - داخلی با شماره پیگیری 140309150702203703 | D9: 8663655684 | E9: 19:40:12 | H9: 1000000000 | I9: امیدعلی حیدری | J9: رسالت/همایون
A10: 8 | B10: 1403/09/16 | C10: سند واریز پایا - داخلی با شماره پیگیری 140309160702248436 شبای مقصد IR470700001000119425002001 شناسه واریز و شرح ارسال پایا از طریق بانکداری دیجیتال شرح مبدا:قسط سوم۱۰۰ میلیون دوم از ۲۵۰ شرح مقصد:معاملات اموال غیرمنقول_سند واریز پایا - داخلی با شماره پیگیری 140309160702248436 | D10: 8678458439 | E10: 19:09:10 | H10: 1000000000 | I10: امیدعلی حیدری | J10: رسالت/همایون
A11: 9 | B11: 1403/09/19 | C11: سند واریز پایا - داخلی با شماره پیگیری 140309190702477920 شبای مقصد IR470700001000119425002001 شناسه واریز و شرح ارسال پایا از طریق بانکداری دیجیتال شرح مبدا:800 میلیون خرید زمین شرح مقصد:معاملات اموال غیرمنقول_سند واریز پایا - داخلی با شماره پیگیری 140309190702477920 | D11: 8699179057 | E11: 12:36:53 | H11: 500000000 | I11: امیدعلی حیدری | J11: رسالت/همایون
B15: تاریخ | C15: ساعت | D15: سند | E15: شماره قبض | F15: شماره چک | G15: توضیحات | H15: واریز | I15: مانده | J15: یادداشت | K15: بانک/حساب
A16: 63 | B16: 1403/10/16 | C16: 11:31 | D16: ‎1-1403-10-IRR-8941488557 | F16: ‎ | G16: سند واریز پایا - داخلی با شماره پیگیری 140310160702677605 شبای مقصد IR470700001000119425002001 شناسه واریز و شرح ارسال پایا از طریق بانکداری دیجیتال شرح مبدا:قسط اول جواز فردیس شرح مقصد:معاملات اموال غیرمنقول_سند واریز پایا - داخلی با شماره پیگیری 140310160702677605 | H16: 750000000 | I16: امیدعلی حیدری | J16: قسط جواز 1 | K16: رسالت/همایون
A17: 88 | B17: 1403/11/14 | C17: 11:04:10 | D17: 9186629089 | G17: واریز پایا IRR,4869689812_واریز پایا بابت شماره پیگیری 140311140172698001 از بانک ملي شعبه 1700251 توسط امیدعلی حیدری | H17: 750000000 | I17: امیدعلی حیدری | J17: قسط جواز 2 | K17: رسالت/همایون
A18: 109 | B18: 1403/12/15 | C18: 04:42:24 | D18: 9465360656 | G18: واریز پایا IRR,4869689812_واریز پایا بابت شماره پیگیری 140312140172157024 از بانک ملي شعبه 1700251 توسط امیدعلی حیدری | H18: 750000000 | I18: امیدعلی حیدری | J18: قسط جواز 3 | K18: رسالت/همایون
A19: 131 | B19: 1404/01/15 | C19: 11:20:42 | D19: 9765652802 | G19: سند واریز پایا - داخلی با شماره پیگیری 140401150702836391 شبای مقصد IR470700001000119425002001 شناسه واریز و شرح ارسال پایا از طریق بانکداری دیجیتال شرح مبدا: شرح مقصد:بابت قصدامیدعلی. حیدری_سند واریز پایا - داخلی با شماره پیگیری 140401150702836391 | H19: 750000000 | I19: امیدعلی حیدری | J19: قسط جواز 4 | K19: رسالت/همایون
A20: 170 | B20: 1404/02/15 | C20: 09:11:55 | D20: 10047149478 | G20: سند واریز پایا - داخلی با شماره پیگیری 140402150702371876 شبای مقصد IR470700001000119425002001 شناسه واریز و شرح ارسال پایا از طریق بانکداری دیجیتال شرح مبدا:قسط اردیبهشت ۱۴۰۴.بخش جواز شرح مقصد:معاملات اموال غیرمنقول_سند واریز پایا - داخلی با شماره پیگیری 140402150702371876 | H20: 750000000 | I20: امیدعلی حیدری | J20: قسط جواز 5 | K20: رسالت/همایون
A21: 194 | B21: 1404/03/15 | C21: 19:08:19 | D21: 10322313376 | G21: سند واریز پایا - داخلی با شماره پیگیری 140403150702052345 شبای مقصد IR470700001000119425002001 شناسه واریز و شرح ارسال پایا از طریق بانکداری دیجیتال شرح مبدا:قسط آخر بخش جواز خرداد ۱۴۰۴ شرح مقصد:معاملات اموال غیرمنقول_سند واریز پایا - داخلی با شماره پیگیری 140403150702052345 | H21: 750000000 | I21: امیدعلی حیدری | J21: قسط جواز 6 | K21: رسالت/همایون

Sheet زهرا کریمی دهکردی
B1: زهرا کریمی دهکردی
A2: ردیف | B2: نام و نام خانوادگی | C2: میزان سهم | D2: مبلغ سهم | E2: پرداخت اول | F2: نوع پرداخت | G2: پرداخت دوم | H2: نوع پرداخت | I2: پرداخت سوم | J2: نوع پرداخت | K2: پرداخت چهارم | L2: پرداخت پنجم | M2: جمع پرداختها | N2: کسری پرداخت زمین
A3: 13 | B3: زهرا کریمی دهکردی | C3: 1 | D3: 8000000000 | E3: 3000000000 | F3: حساب همایون | G3: 2500000000 | H3: حواله- نیل قاز | I3: 2500000000 | J3: حساب کریمپور | M3: =E3+G3+I3+K3 -> 8000000000 | N3: =D3-M3 -> 0
A11: ردیف | B11: تاریخ | C11: ساعت | D11: سند | E11: شماره قبض | F11: شماره چک | G11: توضیحات | H11: واریز | I11: ذینفع | J11: بابت | K11: بانک/حساب
A12: 1 | B12: 1403/10/01 | F12: 3394/549856 | H12: 1500000000 | I12: زهرا و لیلاکریمی | J12: قسط جواز 1 | K12: کوهی
A13: 2 | B13: 1403/11/01 | F13: 3394/549855 | H13: 1500000000 | I13: زهرا و لیلاکریمی | J13: قسط جواز 2 | K13: سامان/نیل قاز
A14: 3 | B14: 1403/12/01 | F14: 3394/549854 | H14: 1500000000 | I14: زهرا و لیلاکریمی | J14: قسط جواز 3 | K14: کوهی
A15: 4 | B15: 1404/01/10 | C15: 15:45:27 | D15: 9720091616 | E15: cheque-settlement-with-stmt280739216798 | F15: 3394/549853 | G15: واریز بابت وصول چک 3394/549853 صادر از شعبه دوازده محرم بانک تجارت_سند وصول چک عادی عهده سایر بانکها به شماره 3394/549853 بانک تجارت در تاریخ 1404/01/10 | H15: 1500000000 | I15: زهرا و لیلاکریمی | J15: قسط جواز 4 | K15: رسالت/هاشم
A16: 5 | B16: 1404/02/20 | C16: 17:01:38 | D16: 10095182552 | E16: cheque-settlement-with-stmt286078451427 | F16: 3394/549852 | G16: واریز بابت وصول چک 3394/549852 صادر از شعبه دوازده محرم بانک تجارت_سند وصول چک عادی عهده سایر بانکها به شماره 3394/549852 بانک تجارت در تاریخ 1404/02/20 | H16: 1500000000 | I16: زهرا و لیلاکریمی | J16: قسط جواز 5 | K16: رسالت/بلندیان
A17: 6 | B17: 1404/03/01 | F17: 3394/549851 | H17: 1500000000 | I17: زهرا و لیلاکریمی | J17: قسط جواز 6 | K17: رسالت/هاشم

Sheet لیلا کریمی دهکردی
B1: لیلا کریمی دهگردی
A2: ردیف | B2: نام و نام خانوادگی | C2: میزان سهم | D2: مبلغ سهم | E2: پرداخت اول | F2: نوع پرداخت | G2: پرداخت دوم | H2: نوع پرداخت | I2: پرداخت سوم | J2: نوع پرداخت | K2: پرداخت چهارم | L2: پرداخت پنجم | M2: جمع پرداختها | N2: کسری پرداخت زمین
A3: 30 | B3: لیلا کریمی دهکردی | C3: 1 | D3: 8000000000 | E3: 3000000000 | F3: حساب همایون | G3: 2500000000 | H3: حواله- نیل قاز | I3: 2500000000 | J3: حساب همایون | M3: =E3+G3+I3+K3 -> 8000000000 | N3: =D3-M3 -> 0
A8: ردیف | B8: تاریخ | C8: ساعت | D8: سند | E8: شماره قبض | F8: شماره چک | G8: توضیحات | H8: واریز | I8: ذینفع | J8: بابت | K8: بانک/حساب
A9: 1 | B9: 1403/10/01 | F9: 3394/549856 | H9: 1500000000 | I9: زهرا و لیلاکریمی | J9: قسط جواز 1 | K9: کوهی
A10: 2 | B10: 1403/11/01 | F10: 3394/549855 | H10: 1500000000 | I10: زهرا و لیلاکریمی | J10: قسط جواز 2 | K10: سامان/نیل قاز
A11: 3 | B11: 1403/12/01 | F11: 3394/549854 | H11: 1500000000 | I11: زهرا و لیلاکریمی | J11: قسط جواز 3 | K11: کوهی
A12: 4 | B12: 1404/01/10 | C12: 15:45:27 | D12: 9720091616 | E12: cheque-settlement-with-stmt280739216798 | F12: 3394/549853 | G12: واریز بابت وصول چک 3394/549853 صادر از شعبه دوازده محرم بانک تجارت_سند وصول چک عادی عهده سایر بانکها به شماره 3394/549853 بانک تجارت در تاریخ 1404/01/10 | H12: 1500000000 | I12: زهرا و لیلاکریمی | J12: قسط جواز 4 | K12: رسالت/هاشم
A13: 5 | B13: 1404/02/20 | C13: 17:01:38 | D13: 10095182552 | E13: cheque-settlement-with-stmt286078451427 | F13: 3394/549852 | G13: واریز بابت وصول چک 3394/549852 صادر از شعبه دوازده محرم بانک تجارت_سند وصول چک عادی عهده سایر بانکها به شماره 3394/549852 بانک تجارت در تاریخ 1404/02/20 | H13: 1500000000 | I13: زهرا و لیلاکریمی | J13: قسط جواز 5 | K13: رسالت/بلندیان
A14: 6 | B14: 1404/03/01 | F14: 3394/549851 | H14: 1500000000 | I14: زهرا و لیلاکریمی | J14: قسط جواز 6 | K14: رسالت/هاشم

Sheet سیما صالح
B1: سیما صالح

Sheet یوسف زاده

Sheet موسی مرادی

Sheet مهدی آذری
B1: مهدی آذری

Sheet کاظم عبدالهی
B1: کاظم عبدالهی

Sheet علی آبادی

Sheet شمس

Sheet نرجس خسروی
B1: نرجس خسروی

Sheet بهاره خسروی
B1: مریم خسروی

Sheet ده بزرگی

Sheet چگینی
B1: چگینی

Sheet محمد نظری فرد

Sheet جواد هاشمی

Sheet جواد غفوری

Sheet رضا علی نژاد

Sheet مرتضی محبی

Sheet مهرداد کشاورز

Sheet کبری کرمی

Sheet معصومه یوسفی

Sheet محمد حسینی

Sheet زهرا فیض

Sheet مجید خاکساران
